Comment,Designator,Footprint,LCSC,Quantity
D,"D1,D2",D_0402_1005Metric,C125059,2
0.1uF,"C1,C2,C7",C_0402_1005Metric,C141382,3
10uF,"C3,C4,C5,C6",C_0402_1005Metric,C15525,4
USB_C_Receptacle_USB2.0_14P,J1,USB_C_Receptacle_GCT_USB4105-xx-A_16P_TopMnt_Horizontal,C165948,1
1k,"R12,R16,R9",R_0402_1005Metric,C21190,3
5.1k,"R4,R8",R_0402_1005Metric,C23186,2
100k,"R1,R6",R_0402_1005Metric,C25741,2
180k,R3,R_0402_1005Metric,C25760,1
10k,"R13,R14,R15,R5,R7",R_0402_1005Metric,C25804,5
2.2k,"R10,R11,R2",R_0402_1005Metric,C25879,3
SW_Push,RESET1,SW_SPST_B3U-1000P-B,C2905189,1
MHT150RGBCT,LED1,LED-ARRAY-SMD_1206-4P-L3.2-W1.3-BR-EH,C3028841,1
MCP73831T-2ACI/OT,U1,SOT-23-5_MC_MCH,C424093,1
MSK-12C02_SMD_SPDT_SWITCH,U2,SW_PCM12SMTR,C431540,1
AP2112K-3.3TRG1,U3,SOT95P285X140-5N,C51118,1
BNO085,U5,BNO080,C5189642,1
X1502WR-05K-N0SN,CN2,CONN-TH_5P-P1.50_X1502WR-05K-N0SN,C561537,1
ESP32-C6-MINI-1,U4,ESP32-C6-MINI-1,C5736265,1
1.25T-2AW,CN1,CONN-TH_2P-P1.25_1.25T-2AW,C722634,1
GND,TP7,TestPoint_Pad_2.0x2.0mm,,1
3.3V,TP2,TestPoint_Pad_2.0x2.0mm,,1
IO14,TP3,TestPoint_Pad_2.0x2.0mm,,1
SCL,TP4,TestPoint_Pad_2.0x2.0mm,,1
VBUS,TP8,TestPoint_Pad_2.0x2.0mm,,1
IO14,TP5,TestPoint_Pad_2.0x2.0mm,,1
BOOT,TP1,TestPoint_Pad_D1.0mm,,1
SDA,TP6,TestPoint_Pad_2.0x2.0mm,,1
