Designator,Val,Package,Mid X,Mid Y,Rotation,Layer
C1,0.1uF,C_0402_1005Metric,11.9,-16.75,0.0,top
C2,0.1uF,C_0402_1005Metric,10.55,-13.05,-90.0,top
C3,10uF,C_0402_1005Metric,6.15,-11.28,-90.0,top
C4,10uF,C_0402_1005Metric,10.45,-1.2,90.0,top
C5,10μF,C_0402_1005Metric,5.2,-6.8,90.0,top
C6,10μF,C_0402_1005Metric,6.15,-13.15,90.0,top
C7,0.1uF,C_0402_1005Metric,21.6,-15.55,0.0,top
CN1,1.25T-2AW,CONN-TH_2P-P1.25_1.25T-2AW,4.969,-11.65,-90.0,top
CN2,X1502WR-05K-N0SN,CONN-TH_5P-P1.50_X1502WR-05K-N0SN,20.145,-17.45,0.0,top
D1,D,D_0402_1005Metric,7.3,-13.15,-90.0,top
D2,D,D_0402_1005Metric,6.15,-9.4,-90.0,top
J1,USB_C_Receptacle_USB2.0_14P,USB_C_Receptacle_GCT_USB4105-xx-A_16P_TopMnt_Horizontal,5.5,-17.76,0.0,top
LED1,MHT150RGBCT,LED-ARRAY-SMD_1206-4P-L3.2-W1.3-BR-EH,22.65,-13.9,0.0,top
R1,100k,R_0402_1005Metric,10.45,-3.1,90.0,top
R10,2.2k,R_0402_1005Metric,14.3,-20.75,0.0,top
R11,2.2k,R_0402_1005Metric,14.3,-19.75,0.0,top
R12,1k,R_0402_1005Metric,23.6,-12.25,0.0,top
R13,10k,R_0402_1005Metric,14.3,-16.75,180.0,top
R14,10k,R_0402_1005Metric,14.3,-17.75,0.0,top
R15,10k,R_0402_1005Metric,14.3,-18.75,180.0,top
R16,1k,R_0402_1005Metric,21.65,-12.25,0.0,top
R2,2.2k,R_0402_1005Metric,6.1,-4.35,90.0,top
R3,180k,R_0402_1005Metric,8.95,-13.4,0.0,top
R4,5.1k,R_0402_1005Metric,11.45,-18.25,-90.0,top
R5,10k,R_0402_1005Metric,12.45,-18.25,90.0,top
R6,100k,R_0402_1005Metric,10.65,-8.15,-90.0,top
R7,10k,R_0402_1005Metric,12.45,-20.25,90.0,top
R8,5.1k,R_0402_1005Metric,11.45,-20.25,-90.0,top
R9,1k,R_0402_1005Metric,10.65,-6.25,90.0,top
RESET1,SW_Push,SW_SPST_B3U-1000P-B,19.0,-14.05,90.0,top
U1,MCP73831T-2ACI/OT,SOT-23-5_MC_MCH,7.95,-6.9,0.0,top
U2,MSK-12C02_SMD_SPDT_SWITCH,SW_PCM12SMTR,5.325,-2.4425,180.0,top
U3,AP2112K-3.3TRG1,SOT95P285X140-5N,8.95,-10.6,0.0,top
U4,ESP32-C6-MINI-1,ESP32-C6-MINI-1,17.95,-5.8,0.0,top
U5,BNO085,BNO080,14.1246,-13.89907,0.0,top
